threads,2^n,time(s)
1,25,0.218753
2,25,0.175716
3,25,0.170122
4,25,0.175623
1,26,0.491118
2,26,0.401667
3,26,0.38896
4,26,0.3916
1,27,1.06338
2,27,0.86211
3,27,0.844604
4,27,0.848665
1,28,2.25297
2,28,1.82384
3,28,1.78134
4,28,1.78987
1,29,4.71655
2,29,3.81613
3,29,3.72618
4,29,3.74274
1,30,9.89079
2,30,7.93063
3,30,7.73002
4,30,7.76689
1,31,20.3933
2,31,16.4552
3,31,16.0295
4,31,16.1267
1,32,42.1753
2,32,34.0563
3,32,33.1373
4,32,33.2312
