threads,2^n,time(s)
1,25,0.218282
2,25,0.176723
3,25,0.168388
4,25,0.175333
1,26,0.491987
2,26,0.400755
3,26,0.395497
4,26,0.398505
1,27,1.06146
2,27,0.864302
3,27,0.84425
4,27,0.846869
1,28,2.25395
2,28,1.82481
3,28,1.78128
4,28,1.78833
1,29,4.69687
2,29,3.81891
3,29,3.72201
4,29,3.73849
1,30,9.79466
2,30,7.94414
3,30,7.73875
4,30,7.75868
1,31,20.4023
2,31,16.4565
3,31,16.014
4,31,16.097
1,32,42.2292
2,32,34.0368
3,32,33.1023
4,32,33.2171
