threads,2^n,time(s)
1,25,0.0847127
2,25,0.0851461
3,25,0.083241
4,25,0.0834893
1,26,0.22513
2,26,0.224148
3,26,0.224493
4,26,0.227706
1,27,0.506939
2,27,0.509438
3,27,0.514386
4,27,0.516818
1,28,1.1007
2,28,1.10317
3,28,1.11915
4,28,1.10668
1,29,2.30864
2,29,2.334
3,29,2.36811
4,29,2.35684
1,30,4.85935
2,30,4.89596
3,30,4.96599
4,30,4.96342
1,31,10.0374
2,31,10.2134
3,31,10.3949
4,31,10.4194
1,32,20.8732
2,32,21.1424
3,32,21.5302
4,32,21.8194
